word,rel_diff
the,17.806180811005966
of,12.919768379155457
odo,10.901883052527255
tancred,10.631588431390217
and,6.5451568081899225
sultan,4.504910352283989
tan,4.41481214523831
spy,4.23461573114695
